https://www.cervantesvirtual.com,53
https://www.cervantesvirtual.com/#main-cv,62
https://www.cervantesvirtual.com/,62
https://www.cervantesvirtual.com/areas/,33
https://www.cervantesvirtual.com/ediciones-bvmc/,29
https://www.cervantesvirtual.com/bibliotecario/,33
https://www.cervantesvirtual.com/portales/leopoldo_de_luis/,71
https://www.cervantesvirtual.com/portales/carlos_v/,60
https://www.cervantesvirtual.com/portales/el_colegio_de_mexico/,22
https://www.cervantesvirtual.com/portales/lope_de_vega/obra/el-bobo-del-colegio--0/,55
https://www.cervantesvirtual.com/portales/fundacion_joaquin_diaz/obra/la-navidad-en-la-tradicion/,51
https://www.cervantesvirtual.com/obra/agatha-cristie-la-reina-del-crimen-un-ensayo-sobre-sus-novelas-policiacas--0/,29
https://www.cervantesvirtual.com/portales/carlos_arniches/obra/la-senorita-de-trevelez-1219908/,55
https://www.cervantesvirtual.com/obra/figaro-revelaciones-ella-descubierta-epistolario-inedito-1066239/,36
https://www.cervantesvirtual.com/portales/ruben_dario/ruben_dario_y_su_obra/,84
https://www.cervantesvirtual.com/portales/antonio_rodriguez_huescar/obra/vida-con-una-diosa-novela/,47
https://www.cervantesvirtual.com/areas/instituciones-fundaciones/,108
https://www.cervantesvirtual.com/areas/literatura/,294
https://www.cervantesvirtual.com/areas/lengua/,35
https://www.cervantesvirtual.com/areas/bib-americana/,147
https://www.cervantesvirtual.com/areas/bib-vives/,72
https://www.cervantesvirtual.com/areas/bib-galegas/,28
https://www.cervantesvirtual.com/areas/bib-infantil/,49
https://www.cervantesvirtual.com/areas/historia/,80
https://www.cervantesvirtual.com/areas/archivo/,29
https://www.cervantesvirtual.com/portales/hemeroteca/,42
https://www.cervantesvirtual.com/areas/arte/,24
https://www.cervantesvirtual.com/portales/mariano_jose_de_larra/,67
https://www.cervantesvirtual.com/portales/rosalia_de_castro/,48
https://www.cervantesvirtual.com/portales/alfredo_bryce_echenique/,46
https://www.cervantesvirtual.com/portales/biblioteca_nacional_chile/,45
https://www.cervantesvirtual.com/portales/aecid/,29
https://www.cervantesvirtual.com/portales/teatro_clasico_espanol/,98
https://www.cervantesvirtual.com/obras/serie/literatura-imagenes-2189/,189
https://www.cervantesvirtual.com/obras/serie/videos_bvmc/,262
https://www.cervantesvirtual.com/obras/serie/audios_bvmc/,260
https://www.cervantesvirtual.com/images/qbi/media/0008805493.jpg,0
https://www.cervantesvirtual.com/images/portales/viajeras_estadounidenses_explorando_espana_awesome/graf/bates/06-lechero_de_granada_l.jpg,0
https://www.cervantesvirtual.com/images/portales/gloria_fuertes/graf/dibujos/17_sobre_s.jpg,0
https://www.cervantesvirtual.com/obra/retorica-y-narrativa-la-narratio-1260084/,34
https://www.cervantesvirtual.com/obra/america-vibra-en-mi-1262084/,31
https://www.cervantesvirtual.com/obra/carta-de-concha-zardoya-a-gabriela-mistral-new-orleans-estados-unidos-23-de-noviembre-de-1954-1262228/,33
https://www.cervantesvirtual.com/obra/entre-la-vida-y-los-libros-1262585/,29
https://www.cervantesvirtual.com/obra/el-humor-de-federico-balart-1263358/,30
https://www.cervantesvirtual.com/centro/,23
https://data.cervantesvirtual.com/,65
https://www.cervantesvirtual.com/bibliotecario/,33
https://www.cervantesvirtual.com/mapa-web/,49
https://www.cervantesvirtual.com/cookies/,32
https://www.cervantesvirtual.com/marco-legal/,48
