Page,PageRank
https://www.lefigaro.fr,0.0003138607392514886
https://mentions-legales.lefigaro.fr/page/cgu,0.000279625351208684
https://www.lefigaro.fr/nice,0.0002737965724364232
https://www.lefigaro.fr/bordeaux,0.0002737965724364232
https://www.lefigaro.fr/marseille,0.0002737965724364232
https://www.lefigaro.fr/lyon,0.0002737965724364232
https://www.lefigaro.fr/nantes,0.0002737965724364232
https://moncompte.lefigaro.fr/,0.00027338861653539273
https://client.lefigaro.fr/WebloggiaLeFigaro/espaceclient/accedernewsletters,0.00026887540795044384
https://moncompte.lefigaro.fr/mes-abonnements,0.0002621009954413832
https://mentions-legales.lefigaro.fr/le-figaro/info-cookies-lefigaro,0.00025817796734128656
https://mentions-legales.lefigaro.fr/le-figaro/info-cookies-utiq,0.0002580358122029876
https://moncompte.lefigaro.fr/decouvrez-les-newsletters/,0.0002576278563019571
https://abonnement.lefigaro.fr/demande-resiliation/le-figaro?redirect_uri=__uri__,0.00025654572253024847
https://abonnement.lefigaro.fr/lefigaro?app=Figaro&source=footer&redirect_uri=__uri__,0.000256137766629218
https://podcasts.lefigaro.fr/,0.0002560950830651551
https://faq.lefigaro.fr/hc/fr?utm_source=faq&utm_medium=internal&utm_campaign=footer,0.0002500981982303947
https://mentions-legales.lefigaro.fr/page/charte-de-participation,0.00025007256159349876
https://mentions-legales.lefigaro.fr/page/politique-de-confidentialite,0.00025007256159349876
https://www.lefigaro.fr/carnetdujour,0.000248686618849334
https://video.lefigaro.fr/,0.00024670719925155155
https://mentions-legales.lefigaro.fr/page/mentions-legales,0.0002466337860714088
https://articles.lefigaro.fr/,0.00024395743715425731
https://kiosque.lefigaro.fr/le-figaro,0.00024215905086383678
https://jeux.lefigaro.fr/,0.00024215905086383678
https://www.lefigaro.fr/sports/matches-en-direct,0.00024207459398484457
https://applications-mobiles.lefigaro.fr/,0.00024104271427740354
https://tvmag.lefigaro.fr/programme-tv/ce_soir_la_tv.html,0.00024104271427740354
https://boutique.lefigaro.fr/?redirect_uri=__uri__,0.00024104271427740354
https://www.lefigaro.fr/plusdefigaro,0.00024104271427740354
https://photo.lefigaro.fr/,0.00024063475837637305
https://boutique.lefigaro.fr/rayon/4-abonnement?ga_source=footer_figaro&app=Figaro&source=footer,0.00024063475837637305
https://moncompte.lefigaro.fr/aide-et-contact,0.00018722079321661616
https://www.lefigaro.fr/faits-divers,0.00018612221860663523
https://www.lefigaro.fr/lefigaromagazine,0.0001854804702256894
https://lesvoyagesf.lefigaro.fr,0.00018535946144513513
https://www.lefigaro.fr/style,0.000184926505758256
https://www.lefigaro.fr/voyages,0.000184926505758256
https://www.lefigaro.fr/lifestyle,0.00018389893046638926
https://www.lefigaro.fr/maison-et-jardin,0.00018389893046638926
https://www.lefigaro.fr/culture,0.00018389893046638926
https://www.lefigaro.fr/international,0.00018389893046638926
https://www.lefigaro.fr/dossier/les-questions-du-jour-du-figaro,0.00018389893046638926
https://www.lefigaro.fr/vox,0.00018389893046638926
https://www.lefigaro.fr/economie,0.00018389893046638926
https://www.lefigaro.fr/langue-francaise,0.00018389893046638926
https://tvmag.lefigaro.fr/programme-tv,0.00018389893046638926
https://tvmag.lefigaro.fr,0.00018389893046638926
https://www.lefigaro.fr/histoire,0.00018389893046638926
https://www.lefigaro.fr/dossier/fig-data-infographies-datavisualisation,0.00018389893046638926
https://www.lefigaro.fr/actualite-france,0.00018389893046638926
https://www.lefigaro.fr/sciences,0.00018389893046638926
https://www.lefigaro.fr/secteur/high-tech,0.00018389893046638926
https://www.lefigaro.fr/politique,0.00018389893046638926
https://www.lefigaro.fr/automobile,0.00018389893046638926
https://moncompte.lefigaro.fr/decouvrez-les-newsletters,0.00018378971840337592
https://leparticulier.lefigaro.fr,0.00018378971840337592
https://boutique.lefigaro.fr,0.00018278259387995602
https://kiosque.lefigaro.fr/catalog/le-figaro-magazine,0.00018278259387995602
https://www.lefigaro.fr/sports,0.00018278259387995602
https://podcasts.lefigaro.fr,0.00018278259387995602
https://kiosque.lefigaro.fr/catalog/tv-magazine,0.00018278259387995602
https://kiosque.lefigaro.fr/catalog/le-figaro,0.00018278259387995602
https://kiosque.lefigaro.fr/catalog/madame-figaro,0.00018278259387995602
https://moncompte.lefigaro.fr/mes-newsletters,0.00018274765407719006
https://moncompte.lefigaro.fr/mes-commentaires,0.000182289444111892
https://abonnement.lefigaro.fr/lefigaro?app=Figaro&source=header&redirect_uri=__uri__,0.00018125756440445103
https://bourse.lefigaro.fr,0.000178942826177644
https://sante.lefigaro.fr,0.000178942826177644
http://evene.lefigaro.fr,0.00017885406488307753
https://www.lefigaro.fr/newsletters/la-selection-du-figaro-live/66c3ddae-8ea9-11ea-a7df-a0369fee8a80,0.00017782648959121077
https://video.lefigaro.fr,0.00017782648959121077
https://www.lefigaro.fr/en,0.00017782648959121077
https://www.lefigaro.fr/livres,0.00017782648959121077
https://avis-vin.lefigaro.fr,0.00017782648959121077
https://www.lefigaro.fr/newsletters/la-semaine-du-figaro-lyon/a0c25eec-bdf6-4f31-a472-f98404120e81,0.00017782648959121077
https://carnetdujour.lefigaro.fr,0.00017782648959121077
https://www.lefigaro.fr/newsletters/l-alerte-info/8df76986-2c2b-11e8-a7df-a0369fee8a80,0.00017782648959121077
https://www.lefigaro.fr/f-art-de-vivre,0.00017782648959121077
https://guide-achat.lefigaro.fr,0.00017782648959121077
https://www.lefigaro.fr/newsletters/emploi-entreprise/8df8a121-2c2b-11e8-a7df-a0369fee8a80,0.00017782648959121077
https://www.lefigaro.fr/newsletters/golf/8df8361a-2c2b-11e8-a7df-a0369fee8a80,0.00017782648959121077
https://www.lefigaro.fr/newsletters/la-semaine-du-figaro-nantes/7e5f6bc7-6e44-44f2-bbd5-e06f57255380,0.00017782648959121077
https://www.lefigaro.fr/newsletters/l-actualite-de-l-immobilier/8df97589-2c2b-11e8-a7df-a0369fee8a80,0.00017782648959121077
https://www.lefigaro.fr/newsletters/voyage/8dfa6a0b-2c2b-11e8-a7df-a0369fee8a80,0.00017782648959121077
https://www.lefigaro.fr/meteo,0.00017782648959121077
https://www.lefigaro.fr/bons-plans,0.00017782648959121077
https://www.lefigaro.fr/newsletters/les-titres-du-matin/8df77dd9-2c2b-11e8-a7df-a0369fee8a80,0.00017782648959121077
https://www.lefigaro.fr/newsletters/programmes-tv/8df804c1-2c2b-11e8-a7df-a0369fee8a80,0.00017782648959121077
https://www.lefigaro.fr/newsletters/la-semaine-du-figaro-nice/6788d892-7bef-4a99-8efd-f6d371c33ffe,0.00017782648959121077
https://www.lefigaro.fr/newsletters/art-de-vivre/8df99a68-2c2b-11e8-a7df-a0369fee8a80,0.00017782648959121077
https://golf.lefigaro.fr/,0.00017782648959121077
https://www.lefigaro.fr/newsletters/la-semaine-du-figaro-marseille/be3167cc-b7df-42aa-a8f6-3ef698ac9fd7,0.00017782648959121077
https://www.lefigaro.fr/newsletters/la-quotidienne-sport/4dac539f-6b50-11e9-a7df-a0369fee8a80,0.00017782648959121077
https://www.lefigaro.fr/newsletters/l-heure-h/7501b164-7d01-11eb-a7df-a0369fee8a80,0.00017782648959121077
https://www.lefigaro.fr/newsletters/la-lettre-d-info-culture-et-loisirs/8df871d4-2c2b-11e8-a7df-a0369fee8a80,0.00017782648959121077
https://www.lefigaro.fr/newsletters/bourse-placements/8df7b1e1-2c2b-11e8-a7df-a0369fee8a80,0.00017782648959121077
https://www.lefigaro.fr/newsletters/toute-l-actualite-du-vin/4c5ac736-e0c0-11ec-a7df-a0369fee8a80,0.00017782648959121077
https://madame.lefigaro.fr,0.00017782648959121077
https://www.lefigaro.fr/dossier/les-classements-du-figaro,0.00017782648959121077
https://www.lefigaro.fr/newsletters/patrimoine/8df7951b-2c2b-11e8-a7df-a0369fee8a80,0.00017782648959121077
https://www.lefigaro.fr/newsletters/la-semaine-du-figaro-bordeaux/bd498df9-05d2-4108-b683-d8ebb4554835,0.00017782648959121077
https://www.lefigaro.fr/newsletters/la-lettre-du-figaro-histoire/b612220b-4e30-4a23-b152-bbad1500bda9,0.00017782648959121077
https://www.lefigaro.fr/newsletters/tech-web/8df9b17b-2c2b-11e8-a7df-a0369fee8a80,0.00017782648959121077
https://www.lefigaro.fr/newsletters/le-scan-eco/8df988ed-2c2b-11e8-a7df-a0369fee8a80,0.00017782648959121077
https://jeux.lefigaro.fr,0.00017782648959121077
https://www.lefigaro.fr/newsletters/figaro-etudiant/8df8ce6e-2c2b-11e8-a7df-a0369fee8a80,0.00017782648959121077
https://connect.lefigaro.fr/logout,0.00017649202678799805
https://recherche.lefigaro.fr/recherche/,0.00014824061911620752
https://www.lefigaro.fr/sports/jeux-olympiques,0.00014408995525493282
https://www.lefigaro.fr/sports/rugby/top-14/calendrier-resultats,0.0001436819993539023
https://www.lefigaro.fr/sports/cyclisme/tour-de-france/resultats/classement-general,0.0001436819993539023
https://www.lefigaro.fr/sports/football/ligue-1/classement,0.0001436819993539023
https://www.lefigaro.fr/sports/football/dossier/ballon-d-or-palmares-resultats-classement-complet,0.0001436819993539023
https://www.lefigaro.fr/sports/football/transferts,0.0001436819993539023
https://www.lefigaro.fr/sports/football/euro,0.0001436819993539023
https://connect.lefigaro.fr/login?client=horizon_web&type=main&redirect_uri=__uri__,0.00014357126416476306
https://www.lefigaro.fr/sports/cyclisme,0.0001432260650491431
https://www.lefigaro.fr/sports/football/coupe-du-monde,0.0001432260650491431
https://madame.lefigaro.fr/cuisine,0.00014303006150405363
https://madame.lefigaro.fr/astro/horoscope/quotidien,0.00014303006150405363
https://madame.lefigaro.fr/mariage,0.00014303006150405363
https://madame.lefigaro.fr/bijoux-et-montres/tendances-bijoux,0.00014303006150405363
https://madame.lefigaro.fr/style,0.00014303006150405363
http://kiosque.lefigaro.fr/figaro-madame,0.00014303006150405363
https://madame.lefigaro.fr/recettes/idees-menus/aperitif-dinatoire-0,0.00014303006150405363
https://madame.lefigaro.fr/recettes/pate-crepes-sucree-171000-198865,0.00014303006150405363
https://avis-vin.lefigaro.fr/,0.00014043184377476116
https://kiosque.lefigaro.fr/catalog/le-figaro-histoire,0.00014030576088067272
https://tvmag.lefigaro.fr/programme-tv/programme-free,0.00013975730212969156
https://tvmag.lefigaro.fr/programme-tv/series,0.00013975730212969156
https://tvmag.lefigaro.fr/programme-tv/miss-france,0.00013975730212969156
https://tvmag.lefigaro.fr/programme-tv/ce-soir-a-la-tv,0.00013975730212969156
https://tvmag.lefigaro.fr/programme-tv/en-ce-moment-tv,0.00013975730212969156
https://tvmag.lefigaro.fr/programme-tv/programme-tnt,0.00013975730212969156
https://guide-achat.lefigaro.fr/,0.00013971461856562866
https://www.lefigaro.fr/international/dossier/tensions-entre-la-russie-et-l-ukraine-tout-comprendre-a-la-menace-d-une-invasion-russe,0.0001381903260781649
https://kiosque.lefigaro.fr/catalog/le-figaro/le-figaro,0.00013547040962659792
https://etudiant.lefigaro.fr/vos-etudes/parcoursup/32068-parcoursup-comment-seront-evaluees-les-candidatures-7-avril-2023/,0.0001347585142768833
https://avis-vin.lefigaro.fr/spiritueux,0.0001343594028995826
https://avis-vin.lefigaro.fr/terroir-viticulture,0.0001343594028995826
https://avis-vin.lefigaro.fr/foire-aux-vins,0.0001343594028995826
https://avis-vin.lefigaro.fr/connaitre-deguster,0.0001343594028995826
https://avis-vin.lefigaro.fr/domaines-et-vignerons,0.0001343594028995826
https://avis-vin.lefigaro.fr/primeurs,0.0001343594028995826
https://avis-vin.lefigaro.fr/biere,0.0001343594028995826
https://avis-vin.lefigaro.fr/economie-du-vin,0.0001343594028995826
https://avis-vin.lefigaro.fr/vins-champagne/explorer-les-vins,0.0001343594028995826
https://avis-vin.lefigaro.fr/tops-selections-vins-spiritueux,0.0001343594028995826
https://www.lefigaro.fr/elections/resultats/grand-est/,0.00013405013359148063
https://www.lefigaro.fr/elections/resultats/bourgogne-franche-comte/,0.00013405013359148063
https://www.lefigaro.fr/elections/resultats/rhone-69/lyon-69123/,0.00013405013359148063
https://www.lefigaro.fr/elections/resultats/nord-59/,0.00013405013359148063
https://www.lefigaro.fr/elections/resultats/ille-et-vilaine-35/rennes-35238/,0.00013405013359148063
https://www.lefigaro.fr/elections/resultats/normandie/,0.00013405013359148063
https://www.lefigaro.fr/elections/resultats/hauts-de-seine-92/,0.00013405013359148063
https://www.lefigaro.fr/elections/resultats/pays-de-la-loire/,0.00013405013359148063
https://www.lefigaro.fr/elections/resultats/alpes-maritimes-06/nice-06088/,0.00013405013359148063
https://www.lefigaro.fr/elections/resultats/var-83/,0.00013405013359148063
https://www.lefigaro.fr/elections/resultats/yvelines-78/,0.00013405013359148063
https://www.lefigaro.fr/elections/resultats/ile-de-france/,0.00013405013359148063
https://www.lefigaro.fr/elections/resultats/haute-garonne-31/toulouse-31555/,0.00013405013359148063
https://www.lefigaro.fr/elections/resultats/nouvelle-aquitaine/,0.00013405013359148063
https://www.lefigaro.fr/elections/resultats/corse/,0.00013405013359148063
https://www.lefigaro.fr/elections/resultats/loire-atlantique-44/nantes-44109/,0.00013405013359148063
https://www.lefigaro.fr/elections/resultats/centre-val-de-loire/,0.00013405013359148063
https://www.lefigaro.fr/elections/resultats/nord-59/lille-59350/,0.00013405013359148063
https://www.lefigaro.fr/elections/resultats/occitanie/,0.00013405013359148063
https://www.lefigaro.fr/elections/resultats/val-de-marne-94/,0.00013405013359148063
https://www.lefigaro.fr/elections/resultats/val-doise-95/,0.00013405013359148063
https://www.lefigaro.fr/elections/resultats/bretagne/,0.00013405013359148063
https://www.lefigaro.fr/elections/resultats/seine-saint-denis-93/,0.00013405013359148063
https://www.lefigaro.fr/elections/resultats/essonne-91/,0.00013405013359148063
https://www.lefigaro.fr/elections/resultats/herault-34/montpellier-34172/,0.00013405013359148063
https://www.lefigaro.fr/elections/resultats/bas-rhin-67/strasbourg-67482/,0.00013405013359148063
https://www.lefigaro.fr/elections/resultats/bouches-du-rhone-13/marseille-13055/,0.00013405013359148063
https://www.lefigaro.fr/elections/resultats/loire-42/saint-etienne-42218/,0.00013405013359148063
https://www.lefigaro.fr/elections/resultats/marne-51/reims-51454/,0.00013405013359148063
https://www.lefigaro.fr/elections/resultats/paris-75/paris-75056/,0.00013405013359148063
https://www.lefigaro.fr/elections/resultats/gironde-33/bordeaux-33063/,0.00013405013359148063
https://www.lefigaro.fr/elections/resultats/hauts-de-france/,0.00013405013359148063
https://www.lefigaro.fr/elections/resultats/alpes-maritimes-06/,0.00013405013359148063
https://www.lefigaro.fr/elections/resultats/auvergne-rhone-alpes/,0.00013405013359148063
https://www.lefigaro.fr/elections/resultats/provence-alpes-cote-dazur/,0.00013405013359148063
https://etudiant.lefigaro.fr/annuaire/,0.00013390606162879879
https://www.lefigaro.fr/elections/resultats,0.0001336421776904501
http://leparticulier.lefigaro.fr/jcms/c_52526/indice-de-reference-des-loyers-irl,0.0001336421776904501
https://www.lefigaro.fr/jeux-video,0.0001336421776904501
https://www.lefigaro.fr/sciences/la-pollution-va-t-elle-tous-nous-tuer-20190614,0.0001336421776904501
https://www.lefigaro.fr/sortir-paris,0.0001336421776904501
https://www.lefigaro.fr/voyages/dossier/amsterdam,0.0001336421776904501
https://guide-achat.lefigaro.fr/sante-et-beaute,0.0001336421776904501
https://www.lefigaro.fr/arts-expositions,0.0001336421776904501
https://www.lefigaro.fr/placement/notre-palmares-2019-des-villes-ou-investir-dans-l-immobilier-20190611,0.0001336421776904501
https://tvmag.lefigaro.fr/programme-tv/people/,0.0001336421776904501
https://www.lefigaro.fr/voyages/dossier/antilles,0.0001336421776904501
https://www.lefigaro.fr/economie/le-scan-eco,0.0001336421776904501
https://guide-achat.lefigaro.fr/smartphones-tablettes-et-accessoires,0.0001336421776904501
https://www.lefigaro.fr/voyages/dossier/lille,0.0001336421776904501
https://www.lefigaro.fr/culture/dossier/succession-johnny-hallyday-laura-smet-david-laeticia-testament,0.0001336421776904501
https://www.lefigaro.fr/conjoncture/en-france-les-hauts-revenus-sont-ils-tous-des-riches-20190701,0.0001336421776904501
https://sante.lefigaro.fr/medicaments/,0.0001336421776904501
https://sante.lefigaro.fr/maladie,0.0001336421776904501
https://www.lefigaro.fr/sciences/dossier/virus-chine-coronavirus-pneumonie,0.0001336421776904501
https://tvmag.lefigaro.fr/programme-tv/programme-canalsat,0.0001336421776904501
http://leparticulier.lefigaro.fr/article/calculez-rapidement-votre-impot-a-payer-en-2019/,0.0001336421776904501
https://plus.lefigaro.fr/tag/coree-du-nord,0.0001336421776904501
https://www.lefigaro.fr/auteur/leading-european-newspaper-alliance-lena,0.0001336421776904501
https://www.lefigaro.fr/musique,0.0001336421776904501
http://kiosque.lefigaro.fr/figaro-hors-serie,0.0001336421776904501
https://www.lefigaro.fr/secteur/high-tech/dossier/facebook-tiktok-instagram-snapchat-youtube-twitch-les-secrets-des-reseaux-sociaux,0.0001336421776904501
https://madame.lefigaro.fr/tag/meghan-markle,0.0001336421776904501
https://emploi.lefigaro.fr/metiers,0.0001336421776904501
https://www.lefigaro.fr/voyages/dossier/new-york,0.0001336421776904501
https://sante.lefigaro.fr/mieux-etre,0.0001336421776904501
https://sante.lefigaro.fr/mieux-etre/nutrition-aliments,0.0001336421776904501
http://leparticulier.lefigaro.fr/jcms/c_35794/simulateur-de-calcul-d-impot-sur-le-revenu,0.0001336421776904501
https://www.lefigaro.fr/cinema,0.0001336421776904501
https://sante.lefigaro.fr/sante/organe,0.0001336421776904501
http://kiosque.lefigaro.fr/f-art-de-vivre,0.0001336421776904501
https://annonces-legales.lefigaro.fr/,0.0001336421776904501
https://guide-achat.lefigaro.fr/high-tech-image-et-son,0.0001336421776904501
http://leparticulier.lefigaro.fr/article/carte-familles-nombreuses-jusqu-a-75-de-reduction-sur-les-billets-de-train/,0.0001336421776904501
https://sante.lefigaro.fr/mieux-etre/sexualite,0.0001336421776904501
https://www.lefigaro.fr/voyages/dossier/croisieres,0.0001336421776904501
https://madame.lefigaro.fr/tag/brigitte-macron,0.0001336421776904501
https://www.lefigaro.fr/sciences/15-mythes-et-anecdotes-sur-les-aliments-et-leurs-super-pouvoirs-20190715,0.0001336421776904501
http://kiosque.lefigaro.fr/le-figaro,0.0001336421776904501
https://www.lefigaro.fr/international/dossier/crise-iran-etats-unis-accord-nucleaire-sanctions-ali-khamenei-hassan-rohanni-donal-trump-emmanuel-macron,0.0001336421776904501
http://leparticulier.lefigaro.fr/article/le-bareme-des-droits-de-succession-et-de-donation-pour-2019/,0.0001336421776904501
https://www.lefigaro.fr/conjoncture/etes-vous-riche-20190418,0.0001336421776904501
https://www.lefigaro.fr/voyages/dossier/japon,0.0001336421776904501
https://etudiant.lefigaro.fr/vos-etudes/etudes-secondaires/33916-resultat-du-brevet-2024-decouvrez-les-derniers-resultats/,0.0001336421776904501
https://sante.lefigaro.fr/dossier/dormir-sans-reposer-comment-soigner-le-syndrome-d-apnees-du-sommeil,0.0001336421776904501
https://etudiant.lefigaro.fr/vos-etudes/etudes-secondaires/33928-resultat-du-bac-2024-retrouvez-tous-les-admis-par-academie/,0.0001336421776904501
https://sante.lefigaro.fr/psychologie,0.0001336421776904501
https://www.lefigaro.fr/voyages/dossier/namibie,0.0001336421776904501
https://guide-achat.lefigaro.fr/maison-et-jardin,0.0001336421776904501
https://www.lefigaro.fr/voyages/dossier/maroc,0.0001336421776904501
https://www.lefigaro.fr/finances-perso/studios-et-2-pieces-decouvrez-les-loyers-ville-par-ville-20190612,0.0001336421776904501
https://www.lefigaro.fr/voyages/dossier/birmanie,0.0001336421776904501
http://kiosque.lefigaro.fr/tv-magazine,0.0001336421776904501
https://evene.lefigaro.fr/citations,0.0001336421776904501
https://www.lefigaro.fr/voyages/dossier/jordanie,0.0001336421776904501
http://kiosque.lefigaro.fr/figaro-magazine,0.0001336421776904501
https://madame.lefigaro.fr/tag/gainage,0.0001336421776904501
https://www.lefigaro.fr/,0.0001198983545669356
http://mentions-legales.lefigaro.fr/page/cgu,8.945956692389242e-05
https://mentions-legales.lefigaro.fr/le-figaro/mentions-legales-figaro,8.645420112508829e-05
https://connect.lefigaro.fr/login?client=horizon_web&type=main&redirect_uri=https%3A%2F%2Fabonnement.lefigaro.fr%2Flefigaro%3Fapp%3DFigaro%26redirect_uri%3D__uri__%26source%3Dheader,7.97906179348657e-05
https://boutique.lefigaro.fr/rayon/4-abonnements#completeOffers,7.97906179348657e-05
https://boutique.lefigaro.fr/patrimoine-bourse?app=Figaro&source=header,7.97906179348657e-05
https://boutique.lefigaro.fr/abonnement/etudiant?origine=VWH20006&ga_source=VWH20006_lp-abo-num-jeune,7.97906179348657e-05
https://contact.lefigaro.fr/,7.97906179348657e-05
https://boutique.lefigaro.fr/rayon/4-abonnements?selection=pro,7.97906179348657e-05
https://boutique.lefigaro.fr/carte-cadeau-abonnement-numerique?origine=KDOAF194&ga_source=KDOAF194_lp-abo-num-cadeau,7.97906179348657e-05
https://boutique.lefigaro.fr/abonnement/histoire-numerique?app=Figaro&source=header,7.97906179348657e-05
https://www.lefigaro.fr/flash-actu,7.43807650965828e-05
https://www.lefigaro.fr/flash-actu/guerre-en-ukraine-les-images-d-un-drone-frappant-un-batiment-a-belgorod-en-pleine-treve-declaree-par-la-russie-20250509,7.418706628557815e-05
https://www.lefigaro.fr/sports/football/ligue-1/psg-on-est-tous-prets-a-marquer-l-histoire-jure-luis-enrique-20250509,7.311625824388199e-05
https://www.lefigaro.fr/sports/football/ligue-1/psg-c-est-une-sorte-de-puzzle-comment-luis-enrique-va-gerer-son-effectif-avant-les-finales-20250509,7.290174162458558e-05
https://www.lefigaro.fr/sports/football/ligue-des-champions/ligue-des-champions-un-dispositif-specifique-de-securite-sera-mis-en-place-pour-la-finale-20250509,7.238805142200953e-05
https://www.lefigaro.fr/festival-de-cannes/l-ukraine-sera-mise-a-l-honneur-en-ouverture-du-festival-de-cannes-20250509,7.148575363758135e-05
https://www.lefigaro.fr/international/defile-du-9-mai-poutine-celebre-les-soldats-russes-en-ukraine-en-presence-de-dirigeants-etrangers-20250509,7.146868350194012e-05
https://www.lefigaro.fr/international/guerre-en-ukraine-kiev-et-ses-allies-europeens-approuvent-la-creation-d-un-tribunal-pour-juger-la-russie-20250509,7.146868350194012e-05
https://www.lefigaro.fr/secteur/high-tech/le-mexique-poursuit-google-pour-avoir-renomme-le-golfe-du-mexique-en-golfe-d-amerique-20250509,7.137136310768413e-05
https://www.lefigaro.fr/international/guerre-en-ukraine-zelensky-annonce-un-sommet-de-dirigeants-europeens-ce-samedi-20250509,7.13049331101435e-05
https://www.lefigaro.fr/actualite-france/tu-seras-le-premier-pape-americain-aurait-predit-une-voisine-du-pape-leon-xiv-lorsqu-il-etait-enfant-20250509,7.126389624947908e-05
https://www.lefigaro.fr/secteur/high-tech/la-francaise-fidji-simo-poursuit-sa-success-story-dans-la-tech-americaine-en-rejoignant-la-direction-d-openai-20250509,7.117850562671137e-05
https://www.lefigaro.fr/sports/rugby/top-14/top-14-dos-au-mur-le-stade-francais-peut-il-s-en-sortir-20250509,7.117041740360701e-05
https://www.lefigaro.fr/politique/emmanuel-macron-debattra-avec-sophie-binet-et-tibo-inshape-mardi-soir-sur-tf1-20250509,7.081091154188555e-05
https://www.lefigaro.fr/faits-divers/dany-boon-victime-d-un-accident-de-voiture-sur-l-autoroute-a4-20250509,7.081007686641966e-05
https://www.lefigaro.fr/cinema/daniel-fernandez-strauch-l-un-des-derniers-survivants-du-crash-tragique-des-andes-est-mort-a-79-ans-20250509,7.081007686641966e-05
https://www.lefigaro.fr/culture/elfriede-jelinek-nobel-de-litterature-denonce-un-nettoyage-ethnique-pour-une-terre-promise-a-gaza-20250509,7.067952376007872e-05
https://www.lefigaro.fr/voyages/pour-eviter-les-chutes-mortelles-etretat-restreint-l-acces-a-ses-falaises-20250509,7.061289265164557e-05
https://www.lefigaro.fr/conjoncture/les-bourses-mondiales-en-hausse-ce-vendredi-rassurees-par-l-accord-commercial-entre-washington-et-londres-20250509,7.06104585612921e-05
https://www.lefigaro.fr/international/une-panne-informatique-immobilise-le-metro-de-la-ville-de-san-francisco-20250509,7.06104585612921e-05
https://www.lefigaro.fr/conjoncture/guerre-en-ukraine-l-ue-va-debloquer-un-milliard-d-euros-a-partir-d-avoirs-russes-geles-20250509,7.06104585612921e-05
https://www.lefigaro.fr/conjoncture/bourbon-cheveux-humains-avions-ces-etonnants-produits-americains-cibles-par-l-europe-en-riposte-aux-droits-de-douane-20250509,7.06104585612921e-05
https://www.lefigaro.fr/faits-divers/pietons-renverses-apres-la-victoire-du-psg-le-conducteur-a-panique-et-va-porter-plainte-pour-des-menaces-declare-son-avocat-20250509,7.06104585612921e-05
https://www.lefigaro.fr/conjoncture/ca-semble-le-bon-niveau-donald-trump-evoque-une-baisse-a-80-des-droits-de-douane-sur-la-chine-20250509,7.06104585612921e-05
https://www.lefigaro.fr/meteo/la-meteo-du-week-end-orages-et-greles-au-sud-du-pays-20250509,7.053467691753857e-05
https://www.lefigaro.fr/lyon/son-voile-arrache-en-plein-coeur-de-lyon-une-jeune-femme-musulmane-porte-plainte-20250509,7.038080788817646e-05
https://sante.lefigaro.fr/ozempic-apres-des-mois-de-tensions-d-approvisionnement-la-disponibilite-de-l-antidiabetique-retablie-en-france-20250509,7.036653240530484e-05
https://www.lefigaro.fr/international/c-est-tellement-bizarre-stockholm-rejette-une-lettre-americaine-l-exhortant-a-arreter-ses-programmes-en-faveur-de-la-diversite-20250509,7.017809852350369e-05
https://www.lefigaro.fr/faits-divers/meurtre-dans-une-mosquee-du-gard-le-suspect-mis-en-examen-et-ecroue-pour-assassinat-en-raison-de-la-religion-20250509,7.01629134764598e-05
https://www.lefigaro.fr/flash-actu/la-maison-blanche-menace-de-suspendre-l-habeas-corpus-20250510,6.99800906757133e-05
https://www.lefigaro.fr/actualite-france/deux-ong-questionnent-l-action-de-leon-xiv-contre-les-violences-sexuelles-avant-son-election-20250509,6.99800906757133e-05
https://www.lefigaro.fr/flash-actu/un-jeune-homme-tue-a-carcassonne-sur-un-lieu-de-trafic-de-stupefiants-20250509,6.99800906757133e-05
https://www.lefigaro.fr/lyon/dans-l-ain-le-lyceen-auteur-des-deepfakes-denudes-de-ses-camarades-a-ete-renvoye-de-son-etablissement-20250509,6.99800906757133e-05
https://www.lefigaro.fr/flash-actu/diversite-le-pentagone-veut-faire-le-menage-dans-les-bibliotheques-de-l-armee-20250510,6.99800906757133e-05
https://www.lefigaro.fr/international/guerre-en-ukraine-poutine-est-du-cote-de-la-guerre-selon-macron-20250509,6.99800906757133e-05
https://www.lefigaro.fr/politique/entre-wauquiez-et-dati-un-echange-de-bons-procedes-les-indiscrets-du-figaro-20250509,6.99800906757133e-05
https://www.lefigaro.fr/flash-actu/maroc-neuf-personnes-tuees-dans-l-effondrement-d-un-immeuble-a-fes-20250509,6.99800906757133e-05
https://www.lefigaro.fr/actualite-france/paris-la-justice-valide-l-interdiction-d-une-manifestation-antifasciste-prevue-samedi-mais-en-autorise-deux-autres-20250509,6.99800906757133e-05
https://www.lefigaro.fr/flash-actu/canada-le-nouveau-premier-ministre-mark-carney-presentera-mardi-son-equipe-ministerielle-20250509,6.99800906757133e-05
https://www.lefigaro.fr/faits-divers/hauts-de-seine-soupconne-d-avoir-egorge-son-jumeau-un-adolescent-est-mis-en-examen-pour-meurtre-20250509,6.99800906757133e-05
https://www.lefigaro.fr/nice/alpes-maritimes-un-trentenaire-tue-par-arme-blanche-sa-compagne-en-garde-a-vue-20250509,6.99800906757133e-05
https://www.lefigaro.fr/international/l-ukraine-arrete-deux-espions-hongrois-presumes-budapest-retorque-20250509,6.99800906757133e-05
https://www.lefigaro.fr/faits-divers/hauts-de-seine-neuf-individus-dont-sept-mineurs-mis-en-examen-suspectes-d-avoir-drogue-et-viole-une-adolescente-20250509,6.99800906757133e-05
https://www.lefigaro.fr/flash-actu/le-gouvernement-americain-pourrait-se-trouver-a-cours-de-liquidites-au-mois-d-aout-20250509,6.99800906757133e-05
https://www.lefigaro.fr/international/allemagne-margot-friedlaender-rescapee-de-la-shoah-meurt-a-103-ans-20250509,6.99800906757133e-05
https://www.lefigaro.fr/flash-actu/landes-plus-de-130-kg-de-cocaine-saisis-dans-un-camping-car-20250509,6.99800906757133e-05
https://www.lefigaro.fr/flash-actu/val-de-marne-un-homme-en-garde-a-vue-suspecte-d-avoir-tue-sa-femme-20250509,6.99800906757133e-05
https://www.lefigaro.fr/flash-actu/emmanuel-macron-integrera-les-interets-de-ses-partenaires-en-cas-de-recours-a-l-arme-nucleaire-20250509,6.99800906757133e-05
https://www.lefigaro.fr/flash-actu/mexique-39-mineurs-assassines-en-huit-mois-dans-la-guerre-entre-factions-du-cartel-de-sinaloa-20250509,6.99800906757133e-05
https://www.lefigaro.fr/international/proche-orient-israel-annonce-l-interception-d-un-missile-tire-depuis-le-yemen-20250509,6.99800906757133e-05
https://www.lefigaro.fr/flash-actu/ukraine-europeens-et-americains-tentent-de-finaliser-un-projet-de-cessez-le-feu-d-apres-une-source-diplomatique-20250509,6.99800906757133e-05
https://www.lefigaro.fr/international/turquie-la-police-brule-20-tonnes-de-cannabis-en-pleine-ville-les-habitants-souffrent-d-hallucinations-pendant-des-jours-20250509,6.99800906757133e-05
https://www.lefigaro.fr/flash-actu/israel-un-comite-ad-hoc-de-l-onu-met-en-garde-contre-une-autre-naqba-dans-les-territoires-20250509,6.99800906757133e-05
https://www.lefigaro.fr/international/deux-hommes-reconnus-coupables-d-avoir-abattu-un-arbre-emblematique-au-royaume-uni-20250509,6.99800906757133e-05
https://www.lefigaro.fr/faits-divers/affaire-tom-felix-le-proces-en-malaisie-prevu-en-juin-susceptible-d-etre-repousse-d-un-an-20250509,6.99800906757133e-05
https://www.lefigaro.fr/faits-divers/paris-un-homme-frappe-au-ventre-une-agente-de-la-ratp-et-en-agresse-violemment-une-seconde-20250509,6.99800906757133e-05
https://www.lefigaro.fr/faits-divers/assassinat-d-aboubakar-cisse-son-meurtrier-presume-transfere-en-france-ce-vendredi-20250509,6.99800906757133e-05
https://www.lefigaro.fr/international/guerre-en-ukraine-emmanuel-macron-appelle-a-un-plan-americano-europeen-pour-un-cessez-le-feu-avec-menace-de-sanctions-massives-20250509,6.99800906757133e-05
https://www.lefigaro.fr/flash-actu/seine-saint-denis-28-ans-de-prison-ferme-pour-l-assassinat-d-un-ado-dans-un-centre-de-loisirs-20250509,6.99800906757133e-05
https://www.lefigaro.fr/faits-divers/dans-le-val-de-marne-une-mere-de-47-ans-interpelle-pour-tentative-d-homicide-volontaire-sur-son-fils-de-12-ans-20250509,6.99800906757133e-05
https://www.lefigaro.fr/nantes/cambriolages-un-homme-arrete-pour-une-serie-de-vols-pres-de-nantes-20250509,6.99800906757133e-05
https://www.lefigaro.fr/flash-actu/pape-leon-xiv-les-images-du-christ-redempteur-illumine-avec-le-visage-du-nouveau-pape-20250509,6.99800906757133e-05
https://www.lefigaro.fr/international/islamabad-accuse-l-inde-d-avoir-bombarde-trois-de-ses-bases-aeriennes-20250510,6.99800906757133e-05
https://www.lefigaro.fr/flash-actu/interpellation-d-un-maire-qui-protestait-contre-un-megacentre-de-detention-pour-migrants-pres-de-new-york-20250509,6.99800906757133e-05
https://www.lefigaro.fr/flash-actu/royaume-uni-un-quatrieme-iranien-interpelle-dans-le-cadre-d-une-enquete-de-la-police-anti-terroriste-20250509,6.99800906757133e-05
https://www.lefigaro.fr/actualite-france/quel-pape-sera-leon-xiv-posez-vos-questions-a-jean-marie-guenois-redacteur-en-chef-charge-des-religions-20250509,6.99800906757133e-05
https://www.lefigaro.fr/flash-actu/le-guatemala-extrade-un-narcotrafiquant-tres-recherche-vers-les-etats-unis-20250509,6.99800906757133e-05
https://www.lefigaro.fr/nice/nice-un-ex-zemmouriste-rejoint-eric-ciotti-comme-conseiller-en-vue-des-municipales-20250509,6.99800906757133e-05
https://www.lefigaro.fr/faits-divers/toulouse-une-enquete-ouverte-apres-l-agression-en-direct-de-la-streameuse-sud-coreenne-jinnytty-20250509,6.99800906757133e-05
https://www.lefigaro.fr/flash-actu/paris-un-suspect-en-detention-provisoire-pour-le-meurtre-d-un-homme-qui-s-opposait-a-un-vol-de-velo-20250509,6.99800906757133e-05
https://www.lefigaro.fr/faits-divers/dossier/alias-la-mouche-le-destin-criminel-de-mohamed-amra,6.813722174849184e-05
https://kiosque.lefigaro.fr,6.809298619446652e-05
https://www.lefigaro.fr/actualite-france/il-a-eu-un-score-magistral-entretien-avec-le-cardinal-vesco-qui-a-participe-a-l-election-du-pape-leon-xiv-20250509,6.80701258961545e-05
https://www.lefigaro.fr/actualite-france/un-homme-bon-ouvert-humble-modeste-le-nouveau-pape-suscite-l-enthousiasme-de-ses-pairs-20250509,6.749701527498658e-05
http://madame.lefigaro.fr/,6.741308258485599e-05
https://www.lefigaro.fr/actualite-france/la-messe-d-inauguration-du-pontificat-du-pape-leon-xiv-aura-lieu-le-18-mai-20250509,6.730404172037895e-05
https://www.lefigaro.fr/theatre/la-presence-de-trump-a-la-ceremonie-des-kennedy-center-provoque-le-boycott-d-une-partie-de-la-troupe-des-miserables-20250509,6.687252595177949e-05
https://www.lefigaro.fr/conjoncture/finances-publiques-francois-ecalle-l-expert-qui-predit-la-catastrophe-20250507,6.682000131127676e-05
https://www.lefigaro.fr/actualite-france/pour-le-pape-leon-xiv-la-mission-est-urgente-car-le-manque-de-foi-entraine-souvent-des-drames-20250509,6.655291468483145e-05
https://www.lefigaro.fr/actualite-france/il-connait-la-realite-d-un-pays-comme-le-notre-au-perou-l-ancien-missionnaire-et-nouveau-pape-leon-xiv-acclame-par-les-fideles-20250509,6.583947961363955e-05
https://www.lefigaro.fr/international/fleur-de-lys-sacre-coeur-sur-un-livre-que-representait-le-blason-episcopal-du-pape-leon-xiv-20250509,6.58060134320818e-05
https://bourse.lefigaro.fr/actu-conseils/pour-mai-5-actions-a-fort-potentiel-identifiees-par-portzamparc-dont-un-constructeur-de-catamarans-20250507,6.566726543363218e-05
https://www.lefigaro.fr/actualite-france/pourquoi-le-cardinal-prevost-a-choisi-le-nom-de-leon-xiv-20250509,6.566326528881575e-05
https://www.lefigaro.fr/conjoncture/john-elkann-et-luca-de-meo-le-sort-de-l-industrie-automobile-europeenne-se-joue-cette-annee-20250505,6.564304652051403e-05
https://www.lefigaro.fr/actualite-france/l-editorial-d-etienne-de-montety-douceur-et-determination-le-style-du-nouveau-pape-leon-xiv-20250509,6.545874313266984e-05
https://www.lefigaro.fr/vox/religion/jean-francois-colosimo-leon-xiv-le-pape-d-un-retour-a-l-ordre-20250509,6.540404451186941e-05
https://www.lefigaro.fr/fig-data/dans-les-secrets-de-la-chapelle-sixtine-ou-sera-elu-le-nouveau-pape-20250507/,6.526454983798679e-05
https://www.lefigaro.fr/vox/medias/la-semaine-du-figarovox-le-message-de-paix-de-leon-xiv-20250509,6.522788536402525e-05
https://www.lefigaro.fr/actualite-france/coran-europeen-pourquoi-ce-projet-finance-par-l-ue-fait-le-jeu-de-l-islamisme-20250508,6.486407195450538e-05
https://www.lefigaro.fr/actualite-france/une-marionnette-marxiste-au-vatican-leon-xiv-en-porte-a-faux-avec-la-galaxie-trumpiste-20250509,6.484099731103876e-05
https://www.lefigaro.fr/voyages/disney-annonce-l-ouverture-de-son-7e-parc-a-theme-a-abu-dhabi-20250507,6.480754364647189e-05
https://www.lefigaro.fr/conjoncture/metiers-en-tension-ces-secteurs-qui-peinent-a-recruter-poussent-ces-professions-au-bord-de-la-rupture-20250505,6.480754364647189e-05
https://www.lefigaro.fr/sciences/la-france-a-40c-les-villes-ou-les-hausses-de-chaleur-vont-etre-vertigineuses-d-ici-2100-20250501,6.473004952304967e-05
https://avis-vin.lefigaro.fr/primeurs/les-100-meilleurs-vins-du-millesime-2024-a-bordeaux-le-figaro-vin-devoile-son-grand-classement-des-primeurs-20250508,6.471738836562335e-05
https://sante.lefigaro.fr/mieux-etre/sport-sante-alimentation-a-60-ans-vous-avez-change-vos-habitudes-pour-rester-en-forme-racontez-nous-20250506,6.471237286395312e-05
https://www.lefigaro.fr/actualite-france/approuvez-vous-l-election-de-leon-xiv-comme-successeur-du-pape-francois-20250508,6.46429658743647e-05
https://www.lefigaro.fr/actualite-france/laurent-wauquiez-et-bruno-retailleau-qui-peut-sauver-la-droite-20250509,6.462156065024e-05
https://www.lefigaro.fr/actualite-france/decouvrez-le-texte-complet-de-la-premiere-homelie-du-pape-leon-xiv-20250509,6.456274506238718e-05
https://www.lefigaro.fr/secteur/high-tech/aux-etats-unis-le-double-ia-d-une-victime-de-meurtre-prend-la-parole-durant-le-proces-de-son-tueur-20250509,6.447810051205891e-05
https://www.lefigaro.fr/faits-divers/d-une-cite-a-l-autre-de-rouen-a-evreux-la-fabrique-de-mohamed-amra-une-enfance-au-coeur-de-la-delinquance-20250509,6.443974692528089e-05
https://www.lefigaro.fr/actualite-france/choix-de-sa-residence-nomination-du-n02-les-premieres-decisions-attendues-du-pape-leon-xiv-20250509,6.438022097269708e-05
https://www.lefigaro.fr/actualite-france/le-figaro-fetera-bientot-ses-200-ans-confiez-nous-vos-souvenirs-20250412,6.417717576089308e-05
https://video.lefigaro.fr/figaro/video/le-figaro-la-nuit-avec-lacteur-pascal-demolon/,6.417717576089308e-05
https://video.lefigaro.fr/figaro/video/sylvain-tesson-est-linvite-exceptionnel-du-club-le-figaro-culture/,6.417717576089308e-05
https://podcasts.lefigaro.fr/le-figaro-les-recits-du-figaro/202505080605-1945-la-chute-13-des-ardennes-dresde,6.417717576089308e-05
https://video.lefigaro.fr/figaro/video/8-mai-1945-numero-special-de-parlez-moi-dhistoire-anime-par-guillaume-perrault/,6.417717576089308e-05
https://www.lefigaro.fr/style/une-communaute-de-passionnes-20250403,6.398699720271266e-05
https://tvmag.lefigaro.fr/programme-tv/actu-tele/merci-chers-telespectateurs-jacques-legros-tire-sa-reverence-apres-26-ans-au-jt-de-tf1-20250509,6.386646991177692e-05
https://www.lefigaro.fr/sports/football/ligue-1/ligue-1-sous-ma-presidence-l-ol-n-avait-jamais-eu-de-probleme-avec-la-dncg-ni-avec-l-uefa-le-reglement-de-compte-se-poursuit-entre-aulas-et-textor-20250509,6.383736375054015e-05
https://www.lefigaro.fr/gastronomie/les-remparts-a-cote-de-la-chevre-d-or-un-plan-b-avec-vue-sur-la-mediterraneen-20250509,6.37928561315103e-05
https://www.lefigaro.fr/vox/societe/raphael-doan-la-france-n-est-pas-une-democratie-20250508,6.375970355267023e-05
https://www.lefigaro.fr/international/poutine-russie-defile-9-mai-moscou-guerre-en-ukraine-kiev-occident-20250509,6.36228958512354e-05
https://www.lefigaro.fr/bons-plans/maison/tres-tendance-ce-four-a-pizza-tefal-perd-pres-de-100-euros-avec-cette-vente-flash-amazon-20250508,6.359805276116021e-05
https://www.lefigaro.fr/mode-homme/elegance-rime-avec-polyvalence-20250410,6.359031416693198e-05
https://www.lefigaro.fr/social/achats-immobiliers-et-si-on-aidait-nos-enfants-20250320,6.359031416693198e-05
https://www.lefigaro.fr/voyages/l-experience-ocean-guidee-par-le-calme-le-luxe-et-la-volupte-20250410,6.359031416693198e-05
https://madame.lefigaro.fr/style/news/l-apparition-parfaitement-maitrisee-de-kate-middleton-icone-de-style-dans-sa-robe-a-petits-pois-retro-20250508,6.355841640308483e-05
https://www.lefigaro.fr/societes/harvard-traverse-une-crise-financiere-les-facs-americaines-contraintes-de-ceder-leurs-parts-dans-les-fonds-d-investissement-20250509,6.355264333154356e-05
https://www.lefigaro.fr/politique/les-francais-approuvent-l-idee-d-un-referendum-mais-60-pensent-que-macron-ne-le-fera-pas-20250509,6.352042126176431e-05
https://video.lefigaro.fr/figaro/video/retrouvez-esprits-libres-avec-laurent-wauquiez-et-mathieu-bock-cote/,6.347227574012843e-05
https://www.lefigaro.fr/gastronomie/nos-cinq-restaurants-coups-de-coeur-a-quimper-20250509,6.346592284793405e-05
https://www.lefigaro.fr/bons-plans/vendredi-9-mai-tentez-de-gagner-124-millions-d-euros-mis-en-jeu-a-l-euromillions-fdj-20250509,6.34514432824911e-05
https://www.lefigaro.fr/bons-plans/high-tech/panasonic-tv-77z93a-600-euros-de-reduction-sur-la-tv-oled-77-pouces-taillee-pour-le-cinema-et-le-gaming-20250508,6.34514432824911e-05
https://www.lefigaro.fr/bons-plans/high-tech/klipsch-rp-600m-l-enceinte-bibliotheque-qui-decoiffe-est-en-promo-a-13-20250508,6.34514432824911e-05
https://www.lefigaro.fr/international/de-washington-a-moscou-deux-visions-mythifiees-de-la-seconde-guerre-mondiale-20250509,6.325558470414651e-05
https://www.lefigaro.fr/sports/football/ligue-1-quand-l-evolution-des-sponsors-maillots-reflete-celle-de-l-economie-francaise-20250509,6.325009761771645e-05
http://video.lefigaro.fr/,6.32203290834833e-05
https://www.lefigaro.fr/international/les-europeens-creent-un-tribunal-special-pour-juger-le-crime-d-agression-de-la-russie-contre-l-ukraine-20250509,6.316937776302574e-05
https://tvmag.lefigaro.fr/programme-tv/people/l-horoscope-gratuit-du-samedi-10-mai-2025-20250510,6.31670368274115e-05
https://www.lefigaro.fr/gastronomie/a-eze-le-chef-tom-meyer-reveille-la-chevre-d-or-venerable-maison-de-la-cote-d-azur-a-flanc-de-rocher-20250509,6.315428939782565e-05
https://www.lefigaro.fr/faits-divers/284-jours-de-traque-d-incarville-a-bucarest-les-secrets-de-la-folle-cavale-fantome-de-mohamed-amra-20250501,6.314693567010245e-05
https://www.lefigaro.fr/politique/les-francais-favorables-a-un-referendum-mais-60-pensent-que-macron-ne-le-fera-pas-20250509,6.312242771786126e-05
https://www.lefigaro.fr/elections/resultats/,6.301559744238638e-05
https://www.lefigaro.fr/vox/societe/albert-zennou-derriere-la-bataille-retailleau-wauquiez-c-est-l-avenir-de-la-droite-qui-se-joue-20250509,6.299256252183586e-05
https://www.lefigaro.fr/societes/pourquoi-l-hypothese-d-une-resurrection-du-gazoduc-nord-stream-2-ressurgit-deux-ans-et-demi-apres-le-sabotage-20250509,6.29626252464697e-05
https://www.lefigaro.fr/sports/mma/ufc-315-le-combat-pour-l-histoire-de-manon-fiorot-20250509,6.29561378978022e-05
https://www.lefigaro.fr/sports/mma/ufc-315-le-combat-de-la-redemption-pour-benoit-saint-denis-20250509,6.295174614629221e-05
https://www.lefigaro.fr/sciences/quand-les-groupes-sanguins-racontent-l-histoire-de-nos-ancetres-20250509,6.28973438158526e-05
https://tvmag.lefigaro.fr/programme-tv/actu-tele/tu-es-comme-tout-le-monde-tu-es-fade-cristina-cordula-explique-pourquoi-elle-porte-les-cheveux-courts-20250509,6.280365821582153e-05
https://www.lefigaro.fr/secteur/high-tech/nous-aurions-du-demarrer-il-y-a-vingt-ans-comment-l-europe-pourrait-sortir-de-son-statut-de-colonie-numerique-20250509,6.279783046263669e-05
https://madame.lefigaro.fr/style/news/l-inattendue-robe-blazer-blanche-de-kate-middleton-au-concert-du-8-mai-a-londres-20250509,6.278546515556453e-05
https://www.lefigaro.fr/voyages/conseils/la-ratp-se-prend-pour-ryanair-oui-vous-risquez-une-amende-en-prenant-le-metro-avec-une-valise-trop-grande-20250509,6.277800260977294e-05
https://www.lefigaro.fr/politique/reunies-autour-de-valls-les-forces-politiques-caledoniennes-echouent-a-trouver-un-accord-20250508,6.275921022177608e-05
https://www.lefigaro.fr/economie/aminolabs-l-innovation-au-service-de-la-nutrition-sportive-et-sante-20250509,6.274741663224998e-05
https://www.lefigaro.fr/economie/prestige-clima-services-l-operateur-de-la-renovation-energetique-et-de-la-production-solaire-20250509,6.274741663224998e-05
https://www.lefigaro.fr/international/nous-repondrons-en-annexant-les-colonies-de-cisjordanie-la-menace-voilee-d-israel-a-la-france-si-elle-reconnait-la-palestine-20250509,6.274708048630051e-05
https://www.lefigaro.fr/international/ici-tout-le-monde-soutient-les-palestiniens-en-arabie-saoudite-la-normalisation-avec-israel-ne-fait-plus-recette-20250509,6.274708048630051e-05
https://www.lefigaro.fr/sciences/des-scientifiques-font-la-lumiere-sur-l-evolution-etonnante-de-la-branche-la-plus-etrange-des-mammiferes-20250509,6.272199182117483e-05
https://www.lefigaro.fr/vox/monde/pour-apporter-la-paix-dans-le-monde-la-france-doit-defendre-un-plan-schuman-2-0-20250509,6.263536369263326e-05
https://www.lefigaro.fr/secteur/high-tech/mistral-ai-olvid-leviia-ces-societes-europeennes-qui-proposent-de-solides-alternatives-a-la-tech-americaine-20250509,6.262781795524201e-05
https://www.lefigaro.fr/sports/voile/transat-paprec-charlotte-yven-fiere-de-rejoindre-armel-le-cleac-h-dans-la-legende-20250509,6.261972973213764e-05
https://madame.lefigaro.fr/bons-plans/la-gourmandise-fait-son-defile-aux-galeries-lafayette-20250509,6.256243939154165e-05
https://www.lefigaro.fr/actualite-france/dossier/leon-xiv-tout-savoir-sur-le-nouveau-pape,6.252766788574932e-05
https://www.lefigaro.fr/fig-data/mort-du-pape-basilique-saint-pierre-sainte-marie-majeure-chapelle-sixtine-des-obseques-au-conclave-les-lieux-cles-du-vatican-ces-prochains-jours-20250423/,6.251677708133764e-05
https://www.lefigaro.fr/fig-data/qui-sont-les-principaux-favoris-pour-succeder-au-pape-francois-20250421/?x1929,6.251677708133764e-05
https://www.lefigaro.fr/fig-data/conclave-le-pape-francois-a-t-il-vraiment-verrouille-sa-succession-20250506/,6.251677708133764e-05
https://www.lefigaro.fr/voyages/guides/expo-apero-dodo-a-thiers-un-week-end-au-fil-de-la-lame-20250509,6.249506056271342e-05
https://www.lefigaro.fr/international/a-moscou-vladimir-poutine-met-en-scene-la-fin-de-son-isolement-lors-de-la-grande-parade-de-la-victoire-20250509,6.248035535487152e-05
https://www.lefigaro.fr/international/guerre-commerciale-trump-espere-rencontrer-la-fantastique-ursula-von-der-leyen-qui-lui-repond-j-aime-les-compliments-20250509,6.246870093064637e-05
https://www.lefigaro.fr/economie/activators-l-humain-au-coeur-de-la-formation-20250507,6.242440601051053e-05
https://www.lefigaro.fr/politique/guillaume-tabard-fin-de-vie-un-projet-deja-plus-permissif-que-promis-20250507,6.240775694193161e-05
https://www.lefigaro.fr/secteur/high-tech/luc-julia-nous-sommes-a-la-veille-de-la-desillusion-face-aux-ia-generatives-20250505,6.235187727781623e-05
https://www.lefigaro.fr/automobile/prestige-auto-beaune-vitrine-des-supercars-d-exception-20250509,6.229291194922732e-05
https://www.lefigaro.fr/cinema/frederic-beigbeder-l-ecriture-amphigourique-de-raphael-quenard-serait-surement-plus-comique-en-livre-audio-20250509,6.22593891949503e-05
https://www.lefigaro.fr/cinema/mort-de-james-foley-realisateur-des-deux-suites-de-cinquante-nuances-de-grey-a-l-age-de-71-ans-20250509,6.22593891949503e-05
https://www.lefigaro.fr/societes/coupes-budgetaires-essai-clinique-supplementaire-le-calvaire-des-fabricants-de-vaccins-depuis-le-retour-de-trump-20250509,6.225666897741468e-05
https://video.lefigaro.fr/figaro/video/election-de-leon-xiv-le-nouveau-pape-a-une-eglise-tres-rassemblee-derriere-lui-assure-le-cardinal-jean-paul-vesco/,6.219275379161656e-05
https://video.lefigaro.fr/figaro/video/varsovie-des-manifestants-simulent-la-mort-pour-protester-contre-la-venue-de-lambassadeur-russe/,6.219275379161656e-05
https://video.lefigaro.fr/figaro/video/bresil-les-images-du-christ-redempteur-illumine-avec-le-visage-du-pape-leon-xiv/,6.219275379161656e-05
https://www.lefigaro.fr/actualite-france/terrorisme-un-ancien-militaire-francais-devenu-djihadiste-interpelle-alors-qu-il-voulait-rejoindre-la-syrie-20250509,6.217637830526686e-05
https://www.lefigaro.fr/actualite-france/bertrand-de-saint-vincent-trail-semi-marathon-on-dirait-que-l-homme-est-presse-d-arriver-quelque-part-20250509,6.217637830526686e-05
https://www.lefigaro.fr/sciences/bill-francois-le-concept-de-poisson-est-une-des-plus-longues-erreurs-scientifiques-de-tous-les-temps-20250509,6.216190508166427e-05
https://www.lefigaro.fr/voyages/selection/4-hotels-all-inclusive-ou-partir-en-italie-20250509,6.21486565218161e-05
https://madame.lefigaro.fr/celebrites/actu-people/faire-plus-d-efforts-ne-sert-a-rien-justin-bieber-publie-de-mysterieux-messages-sur-instagram-20250509,6.213201729598063e-05
https://madame.lefigaro.fr/bien-etre/j-ai-arrete-l-alcool-a-50-ans-non-par-conviction-mais-parce-que-mon-corps-m-y-a-contrainte-elizabeth-52-ans-et-l-alcool-en-vieillissant-20250509,6.213201729598063e-05
https://madame.lefigaro.fr/style/news/la-collection-automnale-baby-dior-sezane-a-l-olympia-american-vintage-souffle-sa-20e-bougie-l-imperatif-madame-20250509,6.213201729598063e-05
https://madame.lefigaro.fr/deco-design/maison-pratique/le-deebot-x9-pro-omni-la-delegation-en-toute-confiance-20250509,6.213201729598063e-05
https://madame.lefigaro.fr/celebrites/actu-people/jusqu-a-la-fin-anouchka-delon-poste-une-rare-photo-de-ses-parents-rosalie-von-breemen-et-alain-delon-20250509,6.213201729598063e-05
https://madame.lefigaro.fr/celebrites/actu-people/les-paroles-de-mon-grand-pere-le-roi-george-vi-resonnent-a-travers-l-histoire-les-mots-puissants-de-charles-iii-pour-les-80-ans-de-l-armistice-20250509,6.213201729598063e-05
https://madame.lefigaro.fr/astro/l-horoscope-de-la-semaine-du-9-au-15-mai-20250509,6.213201729598063e-05
https://madame.lefigaro.fr/celebrites/actu-people/dany-boon-transporte-a-l-hopital-apres-un-accident-de-la-route-20250509,6.213201729598063e-05
https://madame.lefigaro.fr/style/un-look-d-ete-inspire-par-le-voyage-20250509,6.213201729598063e-05
https://madame.lefigaro.fr/societe/actu/michelle-obama-revele-suivre-une-therapie-une-toute-nouvelle-etape-de-ma-vie-20250509,6.213201729598063e-05
https://tvmag.lefigaro.fr/programme-tv/actu-tele/si-elle-voit-ca-celine-dion-ne-va-pas-venir-anne-elisabeth-lemoine-hilare-face-a-la-mascotte-de-l-eurovision-2025-20250509,6.212883608860936e-05
https://www.lefigaro.fr/medias/scrabble-monopoly-bataille-navale-pourquoi-les-adaptations-de-jeux-de-societe-envahissent-nos-ecrans-20250509,6.205977088982274e-05
https://www.lefigaro.fr/conso/tagliatelles-raviolis-des-pates-vendues-en-grande-surface-potentiellement-contaminees-par-la-listeria-20250509,6.205977088982274e-05
https://www.lefigaro.fr/vox/societe/l-editorial-du-figaro-magazine-devoir-d-humanite-20250509,6.199279836168516e-05
https://www.lefigaro.fr/elections/presidentielles/primaires-gauche,6.198802215051964e-05
https://www.lefigaro.fr/elections/municipales,6.198802215051964e-05
https://www.lefigaro.fr/politique/le-scan/,6.198802215051964e-05
https://www.lefigaro.fr/elections/europeennes,6.198802215051964e-05
https://www.lefigaro.fr/elections/presidentielles/primaires-droite,6.198802215051964e-05
https://video.lefigaro.fr/figaro/le-club-le-figaro-presidentielle/,6.198802215051964e-05
https://www.lefigaro.fr/elections/legislatives,6.198802215051964e-05
https://www.lefigaro.fr/elections/resultats/indre-et-loire-37/,6.198802215051964e-05
https://www.lefigaro.fr/elections/resultats/haute-garonne-31/,6.198802215051964e-05
https://www.lefigaro.fr/elections/presidentielles,6.198802215051964e-05
https://photo.lefigaro.fr/voyages/les-photos-marquantes-d-actualite-selectionnees-par-le-figaro-magazine-20240725,6.186225858678114e-05
https://sante.lefigaro.fr/medecine/miniaturisee-et-hyperprecise-les-prouesses-de-la-chirurgie-ophtalmique-20250509,6.181584473383548e-05
https://madame.lefigaro.fr/cuisine/actu-cuisine/en-s-extasiant-devant-une-rondelle-de-tomate-crue-cette-americaine-dechaine-les-foudres-d-internet-20250506,6.177963508858986e-05
https://www.lefigaro.fr/gastronomie/le-59-62-hommage-vibrant-aux-saveurs-du-nord-entre-traditions-brassicoles-et-cuisine-de-caractere-20250506,6.175633628782019e-05
https://madame.lefigaro.fr/bijoux-et-montres/l-etonnante-boucle-d-oreille-de-kylie-jenner-est-elle-un-message-de-fiancailles-20250509,6.161305596532705e-05
https://kiosque.lefigaro.fr/catalog/madame-figaro/madame-figaro/2025-05-09,6.142940300424393e-05
http://www.lefigaro.fr/style,6.142940300424393e-05
https://abonnement.lefigaro.fr/lefigaro?app=Figaro&source=sticky-desktop&redirect_uri=https%3A%2F%2Fwww.lefigaro.fr%2F,6.142940300424393e-05
https://abonnement.lefigaro.fr/lefigaro?origine=VWH210016&ga_source=VWH210016_bandeau_cookie_consent&redirect_uri=https%3A%2F%2Fwww.lefigaro.fr%2F&source=banner-cookie-wall&app=Figaro,6.142940300424393e-05
https://www.lefigaro.fr/economie/le-rendez-vous-des-pme/serre-ancienne-restaurer-et-conceptualiser-le-patrimoine-architectural-autour-de-l-innovation-20250502,6.142940300424393e-05
https://www.lefigaro.fr/vox/politique/pour-sauver-l-ecole-il-faut-remettre-l-enseignant-au-centre-de-l-education-nationale-20250509,6.142940300424393e-05
https://www.lefigaro.fr/actualite-france/comment-bruno-retailleau-veut-restreindre-les-naturalisations-20250504,6.142940300424393e-05
https://kiosque.lefigaro.fr/catalog/le-figaro/le-figaro/2025-05-10,6.142940300424393e-05
https://www.lefigaro.fr/lefigaromagazine/les-plus-belles-photos-selectionnees-par-le-figaro-magazine-20240103,6.142940300424393e-05
https://www.lefigaro.fr/actualite-france/,6.142940300424393e-05
https://kiosque.lefigaro.fr/catalog/le-figaro-magazine/le-figaro-magazine/2025-05-09,6.142940300424393e-05
https://kiosque.lefigaro.fr/catalog/tv-magazine/tv-magazine/2025-05-09,6.142940300424393e-05
https://www.lefigaro.fr/#fig-a11y-skip-bottom-pave_hp_infinite_2,5.804406147592799e-05
https://www.lefigaro.fr/#fig-a11y-skip-bottom-taboola-new-site-homepage-thumbnails-desktop,5.804406147592799e-05
https://www.lefigaro.fr/#fig-a11y-skip-bottom-taboola-new-site-homepage-thumbnails-mobile,5.804406147592799e-05
https://www.lefigaro.fr/#fig-a11y-skip-bottom-pave_hp_infinite_4,5.804406147592799e-05
https://www.lefigaro.fr/#fig-a11y-skip-bottom-mban_btf,5.804406147592799e-05
https://recherche.lefigaro.fr/recherche/rafale/,5.804406147592799e-05
https://www.lefigaro.fr/#fig-a11y-skip-right-pave_atf,5.804406147592799e-05
https://www.lefigaro.fr/#fig-a11y-skip-main-pave_atf,5.804406147592799e-05
https://www.lefigaro.fr/#fig-a11y-skip-top-special,5.804406147592799e-05
https://recherche.lefigaro.fr/recherche/inde/,5.804406147592799e-05
https://www.lefigaro.fr/#fig-page,5.804406147592799e-05
https://www.lefigaro.fr/#fig-a11y-skip-bottom-pave_hp_infinite_0,5.804406147592799e-05
https://recherche.lefigaro.fr/recherche/pologne/,5.804406147592799e-05
https://www.lefigaro.fr/politique#fig-a11y-skip-top-special,5.804406147592799e-05
https://www.lefigaro.fr/#fig-a11y-skip-bottom-mban_mtf,5.804406147592799e-05
https://recherche.lefigaro.fr/recherche/algerie/,5.804406147592799e-05
https://www.lefigaro.fr/#fig-a11y-skip-main-native,5.804406147592799e-05
https://www.lefigaro.fr/#fig-a11y-skip-bottom-mban_mtf2,5.804406147592799e-05
https://recherche.lefigaro.fr/recherche/suisse/,5.804406147592799e-05
https://recherche.lefigaro.fr/recherche/papabile/,5.804406147592799e-05
https://recherche.lefigaro.fr/recherche/trump/,5.804406147592799e-05
https://recherche.lefigaro.fr/recherche/chine/,5.804406147592799e-05
https://recherche.lefigaro.fr/recherche/pape/,5.804406147592799e-05
https://www.lefigaro.fr/#fig-a11y-skip-bottom-pave_hp_infinite_1,5.804406147592799e-05
https://www.lefigaro.fr/#fig-a11y-skip-bottom-pave_hp_infinite_3,5.804406147592799e-05
https://www.lefigaro.fr/politique#fig-page,5.804406147592799e-05
https://www.lefigaro.fr/#fig-a11y-skip-top-mban_atf,5.804406147592799e-05
https://www.lefigaro.fr/#fig-a11y-skip-left-pave_mtf2,5.804406147592799e-05
https://recherche.lefigaro.fr/recherche/italie/,5.804406147592799e-05
