https://www.lefigaro.fr,622
https://www.lefigaro.fr/#fig-page,660
https://abonnement.lefigaro.fr/abonnement-access-figaro?app=Figaro&source=header&redirect_uri=__uri__,12
https://recherche.lefigaro.fr/recherche/,124
https://www.lefigaro.fr/politique,533
https://www.lefigaro.fr/international,540
https://www.lefigaro.fr/actualite-france,489
https://www.lefigaro.fr/vox,542
https://www.lefigaro.fr/economie,606
https://www.lefigaro.fr/sports,572
https://www.lefigaro.fr/faits-divers,476
https://www.lefigaro.fr/culture,599
https://www.lefigaro.fr/voyages,685
https://www.lefigaro.fr/style,569
https://madame.lefigaro.fr,577
https://avis-vin.lefigaro.fr,477
https://video.lefigaro.fr,859
https://www.lefigaro.fr/lefigaromagazine,543
https://www.lefigaro.fr/dossier/la-verification,427
https://etudiant.lefigaro.fr,1
https://sante.lefigaro.fr,617
https://www.lefigaro.fr/sciences,500
https://www.lefigaro.fr/dossier/fig-data-infographies-datavisualisation,434
https://www.lefigaro.fr/secteur/high-tech,423
https://bourse.lefigaro.fr,498
https://immobilier.lefigaro.fr/actualites,1
https://emploi.lefigaro.fr,1
https://www.lefigaro.fr/lifestyle,588
https://www.lefigaro.fr/automobile,544
https://www.lefigaro.fr/langue-francaise,440
https://golf.lefigaro.fr,400
https://www.lefigaro.fr/histoire,461
https://tvmag.lefigaro.fr,437
https://tvmag.lefigaro.fr/programme-tv,806
https://www.lefigaro.fr/maison-et-jardin,405
http://evene.lefigaro.fr,187
https://jeux.lefigaro.fr,139
https://www.lefigaro.fr/carnetdujour,404
https://guide-achat.lefigaro.fr,442
https://billetterie.lefigaro.fr,380
https://podcasts.lefigaro.fr,166
https://www.lefigaro.fr/dossier/les-questions-du-jour-du-figaro,397
https://boutique.lefigaro.fr,132
https://lesvoyagesf.lefigaro.fr,132
https://www.lefigaro.fr/a-savoir-en-france,233
https://kiosque.lefigaro.fr/catalog/le-figaro,144
https://kiosque.lefigaro.fr/catalog/le-figaro-magazine,144
https://kiosque.lefigaro.fr/catalog/madame-figaro,144
https://kiosque.lefigaro.fr/catalog/tv-magazine,144
https://boutique.lefigaro.fr/?utm_source=Partenariat&utm_medium=email&utm_campaign=store_mkt_header-figaro.fr_2019_&utm_content=store&utm_term=SAN19154,132
